{"cameraMode":{"drawMode":0,"name":"Shaded","section":"Shading Mode"},"sceneLighting":false,"audioPlay":false,"sceneViewState":{"m_AlwaysRefresh":false,"showFog":true,"showSkybox":false,"showFlares":true,"showImageEffects":true,"showParticleSystems":true,"showVisualEffectGraphs":true,"m_FxEnabled":true},"in2DMode":false,"pivot":{"x":-0.04204285144805908,"y":0.33339112997055056,"z":14.867237091064454},"rotation":{"x":0.07344851642847061,"y":-0.9268040657043457,"z":0.244535431265831,"w":0.2737245261669159},"size":1.804202914237976,"orthographic":false}