{"cameraMode":{"drawMode":0,"name":"Shaded","section":"Shading Mode"},"sceneLighting":false,"audioPlay":false,"sceneViewState":{"m_AlwaysRefresh":false,"showFog":true,"showSkybox":false,"showFlares":true,"showImageEffects":true,"showParticleSystems":true,"showVisualEffectGraphs":true,"m_FxEnabled":true},"in2DMode":false,"pivot":{"x":-0.04204285144805908,"y":0.5929999947547913,"z":9.737236022949219},"rotation":{"x":-0.19105249643325807,"y":0.008936947211623192,"z":-0.001081134658306837,"w":-0.9811492562294006},"size":1.721768856048584,"orthographic":false}